{
  "project_info": {
    "project_id": "chess-6c468",
    "project_number": "582832963345",
    "name": "Chess"
  },
  "client": [
    {
      "client_info": {
        "mobilesdk_app_id": "1:582832963345:android:bf48f8aa791769ea",
        "client_id": "android:jwtc.android.chess",
        "client_type": 1,
        "android_client_info": {
          "package_name": "jwtc.android.chess"
        }
      },
      "oauth_client": [],
      "api_key": [],
      "services": {
        "analytics_service": {
          "status": 2,
          "analytics_property": {
            "tracking_id": "UA-4706047-13"
          }
        },
        "cloud_messaging_service": {
          "status": 1,
          "apns_config": []
        },
        "appinvite_service": {
          "status": 1,
          "other_platform_oauth_client": []
        },
        "google_signin_service": {
          "status": 1
        },
        "ads_service": {
          "status": 1
        }
      }
    }
  ],
  "client_info": [],
  "ARTIFACT_VERSION": "1"
}